{
    "model_type": "quadratic",
    "params": [
        0.0010747011529178077,
        3.7879888990487207,
        1.6296894684341756
    ],
    "param_names": [
        "a",
        "b",
        "c"
    ],
    "rmse_mm": 9.907568479441075
}